-- phpMyAdmin SQL Dump
-- version 5.2.1
-- https://www.phpmyadmin.net/
--
-- Máy chủ: localhost
-- Thời gian đã tạo: Th12 19, 2024 lúc 03:25 PM
-- Phiên bản máy phục vụ: 10.4.28-MariaDB
-- Phiên bản PHP: 8.2.4

SET SQL_MODE = "NO_AUTO_VALUE_ON_ZERO";
START TRANSACTION;
SET time_zone = "+00:00";


/*!40101 SET @OLD_CHARACTER_SET_CLIENT=@@CHARACTER_SET_CLIENT */;
/*!40101 SET @OLD_CHARACTER_SET_RESULTS=@@CHARACTER_SET_RESULTS */;
/*!40101 SET @OLD_COLLATION_CONNECTION=@@COLLATION_CONNECTION */;
/*!40101 SET NAMES utf8mb4 */;

--
-- Cơ sở dữ liệu: `smartcard`
--

-- --------------------------------------------------------

--
-- Cấu trúc bảng cho bảng `card`
--

CREATE TABLE `card` (
  `idThe` varchar(200) NOT NULL,
  `idUser` int(11) NOT NULL,
  `publicKey` varchar(512) NOT NULL
) ENGINE=InnoDB DEFAULT CHARSET=utf8mb4 COLLATE=utf8mb4_general_ci;

--
-- Đang đổ dữ liệu cho bảng `card`
--

INSERT INTO `card` (`idThe`, `idUser`, `publicKey`) VALUES
('001', 1, '123456789');

-- --------------------------------------------------------

--
-- Cấu trúc bảng cho bảng `chuyenbay`
--

CREATE TABLE `chuyenbay` (
  `maChuyenBay` varchar(10) NOT NULL,
  `diemDi` varchar(100) NOT NULL,
  `diemDen` varchar(100) NOT NULL,
  `gioDi` datetime NOT NULL,
  `gioDen` datetime NOT NULL
) ENGINE=InnoDB DEFAULT CHARSET=utf8mb4 COLLATE=utf8mb4_general_ci;

--
-- Đang đổ dữ liệu cho bảng `chuyenbay`
--

INSERT INTO `chuyenbay` (`maChuyenBay`, `diemDi`, `diemDen`, `gioDi`, `gioDen`) VALUES
('CB001', 'Ha Noi', 'Ho Chi Minh', '2024-12-20 08:00:00', '2024-12-20 10:00:00'),
('CB002', 'Ha Noi', 'Da Nang', '2024-12-20 09:30:00', '2024-12-20 11:30:00'),
('CB003', 'Ho Chi Minh', 'Da Nang', '2024-12-20 10:45:00', '2024-12-20 12:45:00'),
('CB004', 'Ho Chi Minh', 'Ha Noi', '2024-12-20 11:00:00', '2024-12-20 13:00:00');

-- --------------------------------------------------------

--
-- Cấu trúc bảng cho bảng `giaodich`
--

CREATE TABLE `giaodich` (
  `idGiaoDich` int(11) NOT NULL,
  `idThe` varchar(200) NOT NULL,
  `time` varchar(100) NOT NULL,
  `soTien` varchar(20) NOT NULL,
  `loai` varchar(11) NOT NULL,
  `maVe` varchar(100) DEFAULT NULL
) ENGINE=InnoDB DEFAULT CHARSET=utf8mb4 COLLATE=utf8mb4_general_ci;

--
-- Đang đổ dữ liệu cho bảng `giaodich`
--

INSERT INTO `giaodich` (`idGiaoDich`, `idThe`, `time`, `soTien`, `loai`, `maVe`) VALUES
(7, '001', '2024-12-19 13:40:48', '800000.0', 'Đặt vé', 'V006'),
(8, '001', '2024-12-19 13:44:18', '1200000.0', 'Hủy vé', 'V001'),
(9, '001', '2024-12-19 13:44:37', '1250000.0', 'Hủy vé', 'V002'),
(10, '001', '2024-12-19 13:45:27', '10000', 'Nạp tiền', NULL),
(11, '001', '2024-12-19 13:45:33', '122', 'Nạp tiền', NULL),
(12, '001', '2024-12-19 13:47:23', '1000000.0', 'Nạp tiền', NULL),
(13, '001', '2024-12-19 13:47:50', '1300000.0', 'Hủy vé', 'V004'),
(14, '001', '2024-12-19 13:47:52', '800000.0', 'Hủy vé', 'V006'),
(15, '001', '2024-12-19 20:15:50', '1200000.0', 'Đặt vé', 'V003'),
(16, '001', '2024-12-19 20:16:28', '1200000.0', 'Đặt vé', 'V001'),
(17, '001', '2024-12-19 20:25:56', '1300000.0', 'Đặt vé', 'V004'),
(18, '001', '2024-12-19 20:26:57', '1200000.0', 'Hủy vé', 'V001'),
(19, '001', '2024-12-19 20:28:37', '1000.0', 'Nạp tiền', NULL),
(20, '001', '2024-12-19 20:38:15', '1200000.0', 'Hủy vé', 'V003'),
(21, '001', '2024-12-19 20:38:20', '1250000.0', 'Đặt vé', 'V002'),
(22, '001', '2024-12-19 21:10:40', '1250000.0', 'Hủy vé', 'V002'),
(23, '001', '2024-12-19 21:18:08', '1200000.0', 'Đặt vé', 'V003'),
(24, '001', '2024-12-19 21:18:12', '1250000.0', 'Đặt vé', 'V002'),
(25, '001', '2024-12-19 21:18:16', '850000.0', 'Đặt vé', 'V007'),
(26, '001', '2024-12-19 21:21:35', '1250000.0', 'Đặt vé', 'V005'),
(27, '001', '2024-12-19 21:23:04', '1232.0', 'Nạp tiền', NULL),
(28, '001', '2024-12-19 21:24:37', '1250000.0', 'Đặt vé', 'V002');

-- --------------------------------------------------------

--
-- Cấu trúc bảng cho bảng `user`
--

CREATE TABLE `user` (
  `idUser` int(11) NOT NULL,
  `name` varchar(50) NOT NULL,
  `ngaySinh` date NOT NULL,
  `diaChi` varchar(100) NOT NULL,
  `sdt` varchar(20) NOT NULL,
  `soDu` int(11) NOT NULL DEFAULT 0,
  `image` blob NOT NULL
) ENGINE=InnoDB DEFAULT CHARSET=utf8mb4 COLLATE=utf8mb4_general_ci;

--
-- Đang đổ dữ liệu cho bảng `user`
--

INSERT INTO `user` (`idUser`, `name`, `ngaySinh`, `diaChi`, `sdt`, `soDu`, `image`) VALUES
(1, 'Nguyễn Văn Nam', '2002-01-17', 'Thanh Trì - Thanh Xuân - Hà Nội', '09988776655', 4022422, 0x89504e470d0a1a0a0000000d49484452000003fa000001410806000000c774d43e000000017352474200aece1ce90000000467414d410000b18f0bfc61050000000970485973000012740000127401de661f78000026dc49444154785eeddd4faf2c697dd8f1bbf42aca7bc826ef00ee26c93b88949db3b32077e32cd8c5168ab248e2801caec4c66c2c455891bc43c4286767291922c5d20019693cc3e442020911180c6294c143f83374eaa9eaea7eaafaa9bf5d555df7a9cf47fac2dcd3ffaaabebe9aedf39e7ce3c3b01000000d9b80cfadffdae246dd38fffedbf3bbdffa97f21edb6708cfeaffffef3e4f12b4992b4f70cfa92362b0c4ebffc3b7fb778e729de7aa49df7d1dffadba7efbdf983e4b12c4992b4e78ab3994aea42495ab29ffceb2fdc0c53d29efbe93ffb37c96359922469cf15673295f88ba77f5f7c599296ee1f1525862969b7856336752c4b9224edb8e27f2bed413ffeb3242d51f8bbcff110f5f38fff839bbf1b2d3db2704cc6c768f85aea58962449da73bd83fecf7efe4b69913ef8f0ff25bfae63f5cb4ffff3c61015fe9cba5ee883bf71cc68fba61ca3b9670d3e36fb7f7aefbfffbe24e99c415f9b64d057c8a0afbd67d0bf660d3e36fb7f7aa9135d493a6a067d6d92415f2183bef69e41ff9a35f8d8ecffe9a54e7425e9a819f4b549067d850cfada7b06fd6bd6e063b3ffa7973ad195a4a366d0d72619f41532e86bef19f4af59838fcdfe9f5eea4457928e9a415f9b64d057c8a0afbd67d0bf660d3e36fb7f7aa9135d493a6a067d6d92415f2183bef69e41ff9a35f8d8ecffe9a54e7425e9a819f4b549067d850cfada7b06fd6bd6e063b3ffa7973ad195a4a366d0d72619f41532e86bef19f4af59838fcdfe9f5eea4457928e9a415f9b64d057c8a0afbd67d0bf660d3e36fb7f7aa9135d493a6a067d6d92415f2183bef69e41ff9a35f8d8ecffe9a54e7425e9a819f4b549067d850cfada7b06fd6bd6e063b3ffa7973ad195a4a366d0d726e53ae8bff5d98f17b3c0c74f9f79fb17c9cbd5cca05ff5ba1e371f7cf895d3ef14afdbef7c39dfe3dda07fed755d831f7cf8eee9331f7b767af6b13f3cbdf5e1eb7bac1af4a7973ad195a4a3b6daa0ffa54f141fb2c54952b24f7ce5f2413ce684f183b7fff0f4b1f3ed52976f51f57c3e79fad2ca270de5e3dc71723265bf56cf699b61e3de41bfdcd68ed77fec6b3365df4c290c6d1ffbecbbc9cba6b6d571d6ae1c3ca3fdbbd63edd7ad0cff9b8596bbbda55df94a81e27ecb3b98f176ebbd43a59b329c768bd6fdaa59e67f94d92f37b7bf5daadf7de5b6dd7fdef23f7aec1c1f597b86cb16d5f791f87face4dc6bebff4b5d87b60cfe77cfdcdbbf839d4ef2de1580eebbdbc4ec7eb38b625f6c7985227ba9274d4561bf4e3521fe8634f52e393a37b4f8cc7f6c1973ff9909f042cf1fcc6eed7fab1aaebafffe1bbe6a03fb6b1fb664ae5b1723e192aff5c9e34adbf3f97ae3cb99eb17fa7eed33d0dfa63dbeb71b3c676b52bb7b3d87ff53070cf6385d722cb41ffe6b3adda57a9a1a67edd53df0c58ea73a77ecd52974dedde35583ddfc47ee8389e96dcf6f2b559e0bdb8eb75299fc3cae726cb0dfadd6bafdcf68f358fe3f21b18e5baafde63e2f7aabd973ad195a4a3b6ff41ffed771b1fb06f157f8e2f5fa3a54eb8a6b6c4731bbb5fe3c70a272c5f5af9433cd741bf5d75026bd0efcaa09f6ece71b3c5762df97e7b94413f54bf36538ebda53e77967ccdee1ef4fb06fac4f1bec5e7fbd43a07fd625bd73e3759ea3db01ce493df70a98ed3f6a0ff3a973ad195a4a3b68341ff7c42549c0ca47ebdacfaae7c7d79f37ec6de47f9f8f5ed8b0fec2ff50c358deb86ced78b4f52c73e6ebbf673a94f7e2ebffe57d773b237f4d863b6adeff1e63eb7a1d6fed5fdf60091dad7739e5b7542dabceef57ea27d7afe5ab85edf3033742cb69fcb9863a36f8d7435753b424becd33d0dfa6b3dc7d0d2c7cd9cedaa86ace67656c75375c29fda37e5e344c758f371e3fbee7fec54f5fe6edc67eb78ee3bdec76cef122d31e887dac3ece0738b2f4bdce73dafd7dcd65a839dcf65c2b637af5faf89fe63fefae7ebedfa8e9fbed7a5fdf8a9e7d8b7a6c7b4d8a0ffd9af9cd76bf379d6dfc468bfff4fd947a1fab936f649eb36f1fe98f3fe31b6d489ae241db5870ffaf19b7b79bd9b9396e803babecdf9bec6dc47fbcf9713f0d6f6c4d51f7e431f527d8fdbeee6b9141fa49f397fe8bef5d94f5eeea7fd1cdb0d3df6986deb7bbc39cf6d4c5b0efa5dfb7aea73ab4e76aed7fde0cbc5fd14ff5cdf4f6a606b9f48c5b51f2b752cde3e97fe6363688da49ab71dcbecd33d0ffa7b3d6ee66ed7d0d0d37e9f6b6f4bf9b837c7c9f9b613f7c9e5f2e235bf791f6d1ccf3def4d03dbbb548b0dfaade360682db79f5fbb7b5eaffa3ea6b6c41a6c6f47ea759bbaeddd6b6278d09ff2791b4abd2e378f9fb89ff6fbcb9c961bf4cf4378eb79342e8bb67dea3e1ab3b6e3fd71b97cc2fbc7d85227ba9274d41e3ee8c71f848d93d0c407f6ed75e6dd476a7be2521feca90fa9aec7adbf76b9acdc8ef127a4a9c7bf5c36f89ca76d5b7979f478736e3fa6ad06fdbe7d3df975ebb8acbe9ff831525f8b1b7b2cc6cf2555f3b51a5e23f1d7cbcb666cc792fb74af83febe8f9b79db957aadfb2e1fbc6db4ad53f74928f55a54b7b93d1e2f97f71cef438f37b7b1c768f97c8acbe39aafeded3e8c6bbfcff7bdef9797dff17ad55f9bda2283fec0eb3675dbabebf75dd6baaf81e36470bfb75fa7c463945f6f3d4efcfe32b72507fdbed7a13de8b71bda4763d676bc3fe6bc7f8c2d75a22b4947ede1837ee3c428fa60283f58126ffaf187d5e07d747c70ccf9504b7d48753d6efdb5cb651dcf25aefa094174d2d8f1a13af89c476e5bd7e34d7d6e63db6cd0efd9d7935fb7f3f5c3fe69dc26753f89afc5558f337c2cc6cfa5719dd46b35628dc45f2f2f9bb11d4beed3dd0efa7b3d6eeed8ae31434fbc0fe263a07adce8988b0a8f37759f8452c7766a1bbb8ef77059d7f62ed99463b46f1b52fba3efb995fbbce37dbf6eeeeb15dfc794965883a1bed76deab6f7af89e1633ed4f73ab46bbf2e5d8fdf7eecd4f13eb52507fdf63fc7af43fb35b97c6de43e4a3dd7befd31e7fd636ca9135d493a6a790ffa1df791fa508b6b7fb087eef990eada8ef2b2f2f9343f44538f7fbdfec0731ebcbcfff1a63eb7b1bd8e837e5d759de2f1cff79bbc9fc4d7e2bab6ab7d2c368fb381d7aae33edb27588dcbe66cc782fbf408837edd9ac74d79d9c076a58e83eaf2ebfd95f75f1e4fcdfbea7bdcf2f219fb24dedf75f1360e1defcd3ff7efb77b5a6cd08fb67dda73eb7e4e5dcfbffc7acfeb35b7a506fdaeedbe5c3661dbfbae3f74cc8f791ddab52fef7afcf663a78ef7a92d3de85ff745781daedb1a1fc773f6d1d0da6e5f67ee7bea985227ba9274d4f63be877bce9373fb4e7dd476a7be2521f6af77c480d5fd63c69283f743b3e54079ff3a87dd2fd78539fdbd8361bf47bb6f59ee756df363c4ef27ece2747f1d7e2ba1ea7fdbc6e9f4bcf6bd5719fa9db352f9bb31dcbecd3dd0efa0b3ec7b8b58e9bf2b281ed6a9f689797b78694cb75be1c6e177d7de0f9cdd927a9d722de9eeaf6ddc77b79fd8eed5db22506fdf6eb3aeab90d0c53a1b9afd7dc161bf47b5eb7a9dbde77fdcbe344974d3dc6dab55f97aec76fdf77fcfe32b7c507fd7add7ea2f99ce2e378ce3e1a5adbf5756eb663c2fbc7d85227ba9274d4763be8873f97b78b3e28eadb8cfdb0a82f6f7c48971f3eb7db13d7fe800addfb2175f35c8aeb97fff2a0d6edaa3f37b7396eec73eebc7ce0f1e63cb7316df92fe3ebdcd7139f5b380eeaebb66f5b3e46fb44293ab16f57df7ee8588c9fcbd06b555fbf6f8da46a6ffbd0765c6eb3c03eddeba05fff796fc74d68ee76d597d7cfbf1e3ee3fb0a95fb21f19fd7ba79dc707f9fa8b67dea3e0955f777bd4dbd3d538ef7fa7ed6fccf81dd3be85fb63bfafa98e796fadc49553ffff61aef7bbde2eb4d69a9413f54bffea9d76deab6df5cbfd89ff19aa81fa37dcc8f791ddaa55e97e4f6168fdb7e3f69bf46535b7ad00fd5eff7f1d76e07fd69fba8da1fdd6bbbbe4efde739ef1f634b9de84ad251dbf5a01faa4f84eb1a1f5823eee3f2c15fdf47b11da993b3b8c66dced75be243aafe30acba5eb7f11cc38769f820eef8501d7aec31dbd6f778739fdb508b0cfaf536c7db5e6c73fcdaa4af3f7edfc455975def2775ec5d2f4bffe78be2dab7491d8bede732e6d8685ca7a8bd2fdacdd98efa6bd7c799b74f1f32e85fb6f9dc6b76dc84e66ed775d00915834979797368e97b2eedfd573f97a9fb2454edefeaf95eee333ae642638ef7a1c7b9b7c9837ebdbd979afb3779ddc4736b1c1badfd12570d6ad35eafb92d39e8d70366d7b13e75db536b227c7de8981f738cc575bd2eedd73ef55eb287fddfde8e6aff348fd1f2b9743db711fba87a8cfeb51d6fc79cf78fb1a54e7425e9a86d32e8efad253e8035ad7b07fd5c3bdab1b8f5a0afe1ca01ace7247e6fadbdbd538ed1dcb3061fdbebb2fff7f439963ad195a4a376b841bffaa942fa272e5aaf3507fdbe9f70edb93d1f8b6bedd33d0dfaafeb71b364f54fd65e976f366db1bd6b0ffa61287a5dbeb162d07f6c06fde9a54e7425e9a8653fe8972755c5c9da3543fe23f2137dc762684f83fed1bb1c8f3dbf26bea7b6dadeb507fdd7296bf0b119f4a7973ad195a4a396fda0af7d64d057c8a0afbd67d0bf660d3e36fb7f7aa9135d493a6a067d6d92415f2183bef69e41ff9a35f8d8ecffe9a54e7425e9a819f4b549067d850cfada7b06fd6bd6e063b3ffa7973ad195a4a366d0d72619f41532e86bef19f4af59838fcdfe9f5eea4457928e9a415f9b64d057c8a0afbd67d0bf660d3e36fb7f7aa9135d493a6a067d6d92415f2183bef69e41ff9a35f8d8ecffe9a54e7425e9a819f4b549067d850cfada7b06fd6bd6e063b3ffa7973ad195a4a366d0d72619f4159a3244fde4a7fff7f4573ffab1b45aa9e3cea07fcda0f9d8ecffe9a54e7425e9a819f4b549067d85a60c51dffaf6ff38bdf1c61bd26aa58e3b83fe3583e663b3ffa7973ad195a4a366d0d72619f41532e86b4fa58e3b83fe3583e663b3ffa7973ad195a4a3d63be8bffbcdf7a4657a2ff1351daebffedd7fda18a2c29f53d70b7ded6b5f4b0e67d252a58ebb29c768f6bdfb6efaebdaa86f26bea6bebefef5af4b92cef50efaa9ef964ad2dcfcb4547bcf312a499272c8a02f69b3da43d4afffdedf2fbf26eda5704cc6c768f85aea58962449da73067d499b1586a6788892f69e415f9224bd8e1567321583bea4b5fbc5bffc57c9614ada6b067d4992f43a569cc9540cfa92d6ee6fbefbbf4fa7dffaade44025edb10ffff35793c7b22449d29e2bce642a067d495bf4e15b6f973f2595f6decfffc35792c7b02449d2de33e84b922449929451067d499224499232caa02f49922449524619f42549922449ca2883be24499224491965d0972449922429a30cfa92244992246594415f92244992a48c32e84b922449929451067d499224499232caa02f49922449524619f42549922449ca2883be24499224491965d0972449922429a30cfa92244992246594415f92244992a48c32e84b922449929451067d499224499232caa02f4992244952463d6cd0ffddff73922469b3529f457be8cd1ffeeaf485f73e3afdde377e53f6c9fffa9bd33ffc4fa746e16be1b270bd70fd50eabe24499242067d49d2214a7d16ed2183be24495aba870ffa3ff8952449ebb6a741ff473ffbe5e98bdffe75d96f7fb539d04f290cff9f7be7a3d377de37f44b92a466067d4952f6ed61d0af07fc7b86fbaeea6f1ca41e5792241d2f83be2429fb1e39e8879fb88752bf92bf74e131fc845f922419f42549d967d097244947caa02f49cabe470dfaeffce457e5afeaaff1ebfa5d85c70a8f9bda1e4992748c0cfa92a4ec7bc4a05f0ff9a9617cedea61dfc02f49d23133e84b92b26feb413ffcfafca386fcbaf0f821bfca2f49d2f132e84b92b26feb417f8bbf8f3fb6b02de1dff89fda4e49929467067d4952f619f4d3db294992f2cca02f49cabead06fd3ff9f6afcb5203775f9f7af374fafc37abfef43ba7d31f7feb74faf47f4b5f774e5ffcd647c9ed9524497966d0972465df16837ef8bbf0a921bbaf4f7ded747afba7d5e770ca0f7f5e15be0190bafdd8c2dfd5f7537d49928e93415f92947d5b0cfa9f7be7a3e4909daafee97d2d0cfbe1a7f8a1cfbf57fd7ffb1b00e127fda9fb1a9b9fea4b92749c0cfa92a4ecdb62d01ffbf7f2ffc95f549fbbb53ffe76f56bfa7ff6bdaa3fff4135e887eb7dfaadaaf053fdf2bac5d753f739a6f053fdd4764b92a4fc32e84b92b2cfa06fd09724e94819f42549d9b7f6a0ffe60fc7fffdfcfff941f5b91b84213f7ced67c536d6d5437df8e7fa57fcc3dfe5afbff68fff4b55fb7ec714b633b5fd922429af0cfa92a4ec5b7bd0ffc27be3fe7e7e3db0d7ff92bdfaebedc13dfc34ff2ffebaba6e106e177ed21f849feacffdc9fe1f15db99da7e49929457067d4952f6ad3de8fffe37c6fdda7e18d083f02fd61bfa97eb85e1bffe8640b8ee1fbc5ddd360cfca1d46d86fabd623b53db2f4992f2caa02f49cabeb507fdb17f3f3f0cec41fd2bf9a9ebc4d5bfa61faaff6e7ff8497f2875fda1c276a6b65f9224e595415f92947d06fd2a83be2449c7c8a02f49cabeb507fdd4509daafed5fd397fcf3efc9bf9837b7e753f94da7e49929457067d4952f6ed65d00fffa9bce0ed9f56a5aed355fd2fe31bfbdb005da5b65f9224e595415f92947d7b19f443f57f3e2f08837fea3aedc2afedd7ff62bef0cfa1d4f5c694da7e49929457067d4952f6ad3de88ffd3bfaa13ff8cbea7337a807f7d4f542f5505f7f7320fc7ffd77f653d71fcadfd19724e91819f42549d967d0af32e84b92748c0cfa92a4ec5b7bd01ffbdfd1affbd3e23336540b7fff3efccbf6429f7ab3fafff06fe8ff59b1eda1d83dff323eff1d7d49928e91415f92947d6b0ffa5f78efa3e4603dd4e7dfbbfeb43ea51ef453d79933ecff51b19da9ed9724497965d0972465dfda83fe9b3ffc5572b01e53f8d5fc30f0ffd9f7aaea9fd887fffc5efc6bfa7ffe57d5e7756ceab01fb633b5fd922429af0cfa92a4ec5b7bd00ffdf657d3c3f592dd33ecfbfbf992241d2783be2429fb0cfa067d49928e94415f92947d5b0cfa7ff2ad797f4f7f6a61d86f0ffca9ebb57bf98ebf9f2f49d25132e84b92b26f8b41ff473fab7eaabfc54ff643e1eff307e1dfde9fbabcdd77def7f7f325493a4a067d4952f66d31e887c24ff5b7fac9fe94be586c536a7b2549529e19f42549d9b7d5a01f7eaa1f0a7f1f3e35703f227f375f92a4e365d09724659f413fbdbd922429cf0cfa92a4ecdb6ad0af0b7f1f7eabbfabdf55fdef0bf077f325493a5e067d4952f66d3de887def9c9e386fdf0b8e1f143a96d9324497967d0972465df2306fd503dec6f39f0d7437e6a7b2449d23132e84b92b2ef51837e28fcea7c688bbfb71f1ec3afea4b922483be2429fb0cfa9224e94819f42549d9f7c8413f6e8dffc67ef855fdfabfdf1ffe8dffa9c7952449c7caa02f49cabebd0cfaa1f013f7cffde54765f7fc94bf1ef00df79224a9ddc3077d4992b628f559b487defce1af4e5f78efa3d3ef7fe33765a9e13f7c2d5c16ae17ae1f4add97244952e86183be24499224495a3e83be24499224491965d0972449922429a30cfa92244992246594415f92244992a48c32e84b922449929451067d499224499232caa02f49922449524619f42549922449ca2883be24499224491965d0972449922429a30cfa92244992246594415f92244992a48c32e84b922449929451067d499224499232caa02f49922449524619f42549922449ca2883be24499224491965d0972449922429a30cfa92244992246594415f92244992a48c32e84b922449929451067d499224499232aa77d07fe38d372449922449d26bd4e0a00f8cf38b5ffce2f4fdef7ffffc2760883503d3583330de071f7c70faf18f7f7cfe131c8f411f16e2040ca6b166601a6b06c633e87374067d5888133098c69a8169ac1918cfa0cfd119f461214ec0601a6b06a6b166603c833e4767d0878538018369ac1998c69a81f10cfa1c9d411f16e2040ca6b166601a6b06c633e87374067d5888133098c69a8169ac1918cfa0cfd119f461214ec0601a6b06a6b166603c833e4767d0878538018369ac1998c69ad9d2abd3cbe7cf4ecf9ebd383d9dbfc2ebc5a0bf17d6d2a318f461214ec0601a6b26774fa717cf9e9d5e38b35b8c35b3bda7177b3886ada5390cfafbb28fb5742c06fdad3cbd383d2bdea41b45477b38f86fbed3f5eae5e9f99d6fecaf5e3e6f3c4ef961f1fce5e955f9cfe13b6ccf4f2fab3f702727602bdbc91a4a3e0eb358330bd8cd674ba5fcfaf9be9dd42dcf9ae9571f7fed9e274e743adfcbcfeb23dca6babf75dfefada5f518f4e7cb612d756ed78118f457d7f5eb2af1c0dda7358c87453378bbea3bbf8dc5197f42442786370b365c366abb687302b6961dae211661cddc63a79f2de59fabeb5932cbb366faa587e6fab81d73c21fae5b5d6fdde1da5ada82417fbe6cd6d2c119f457562e94bb07e757a7a7a7f33d4c1cc4d30bb587417f362760eb78edd610a35933f3ed715dbc7a75dfd630cc9ae9d7fd7e7dfec6d8d07b79710cc747f1d3d3faeffdd6d27a0cfaf3e5b2968ecea0bfaaf1df890ddfed6aff74bd3c60dbdfa51ab8bfead754ce15276d4fed83fefc6b34f175ea476ddc3664b14ce2046c0dfb5b43a9c7611e6b66ae1d7eb6149af71bffb5b0eac4f0c553fd5b08edcb19cb9ae9d77ba21fbe9915fd2472786d348fd1eafa4fd1317c5e338df3aae19f745a4bdb31e8cf97c35a4a6dd7d118f4d7d45a087dda076375f0c6b7ad4eecfa0ed8f236d1e05e3d7ef1b5e8a07ff5f2c5cd074663214ffca90e574ec056b0c335d47e1ce6b36666dae5674b718275739dfa71eaa1e47ab277739f8c62cdf4eb1d4eca21a2790cc6c77dff317c3e66a3db5f0699cb6d12e7542dd6d2b60cfaf3e5b096dadb754406fd35b50eece0723097350ffacbc1d85a401789fbbb0a276bb7b7291742cf4229efb3bd507c60cce2046c053b5c433e389663cdccb4bb7591ba4e75a2565da5fae7c6ba29b7a5eb31e962cd742b8fc9cb1aa86a9efe348fd3e67bf9d0317cbeffc61d86dbb41ea3f71cca5ada9a417f9e3cd652f5e7c65a392083fe9afa4e9e5a6fcc8d83b1eb765d276941c71b7d79f2d75c9dd5d7e2056cd05f8413b015ec700df9e0588e3533d3ded64579bfd1674a547595e6495ea9ef31e964cdf44b9df35cb48eb9dbb5d1770cb7ae5f4a0c1be17ebacea1aca5cd19f4e77bedd752e1f6718ec7a0bfa6be37dfd6417abb48269e8c75dca679d057df31eb1decfb1616bd9c80ad60776ba8f538dcc59a99696feba2eb7e2f0c274bb166faf50e27e1388dce6f46ad8dc8ed7bffc4e1c45ada9c417fbed77e2d156e1fe7780cfa2b0b075972a1f49d8c75bd69f72d9e8edb341ebff59841b928e285d4b7b0e8e5046c1dbb5a4385c6e370176b66be5dad8baefbbd309c2cc59ae9d73d9c543fe8882f1ab53622b7effd737e0a692d6dc9a03fdf6bbf960ab78f733c06fdd5550be2e6602d0fd28e93b14279b0366e53dd4fdf017b739bf2e4ade703a4fc73ea361d277cf47202b6961dada142fb7198cf9ab9c7fed645f3b3a318485ed4b7319c2cc59ae9971c4eea739dd6d7936ba3f318bebd7ef19562ed4c184e0ad6d2b60cfaf3e5b296fa3edb8ec0a0bf91eaa06f16af93d4c1d8be4d7bbdddaa3e002eb7296ed05ea8e59febcbc302b95948d17d0c3f20112760ebdacb1a4a3d0ef35833f7dbcbba08daf77b7ddceaf68dab1b4e66b166fa35ce712ec503c7d598b5115f7e7bfde9c389b5b42d83fe7c39aca5d4761d8d411f16e2040ca6b166601a6b06c633e8737406fd832abfd3d6fb9d32a6720206d35833308d3503e319f4393a833e2cc409184c63cdc034d60c8c67d0e7e80cfab0102760308d3503d35833309e419fa333e8c3429c80c134d60c4c63cdc078067d8ecea00f0b710206d35833308d3503e319f4393a833e2cc409184c63cdc034d60c8c67d0e7e80cfab0102760308d3503d35833309e419fa333e8c3429c80c134d60c4c63cdc078067d8e6e70d00f1f2892244992f43a1506fdd4d7a523e427fa0000009011833e00000064c4a00f0000001931e803000040460cfa0000000ff0f4e2d9e9d9b367a7e72f5f157f7a757af9e265f1bf703f833e0000c0e69e4e2f5e3c55ffd418f8e17e067d000000c8c8ec41bffeae53d9f3f6af98bc3abd7c1e5d7efe4e55d2d38bebf5dad74f5d762e7997adebf77e47acbceef3d3a46f9ab5b7a7bd11531f3fda6ffdfb73f8f28bf87e87b6b7d07bbf4b3e5ffaf775f1276bc69aa1c99a29bae7180ad78df69b3593b7572f9f77ae83f01adcecbb72df8e3b3eabd7307dddcec77df5f2f4bce335abeeefc529bdb5b0bef2b88dde5b06df63565c2f4f2fa2eb168fe37d8ea5cc1af4cb83f4f2617d3ed9ba1cb4437f6e090ba7ebb29470fd8e1390a717f187c6d3e945b160d3775d9f208e5bb095e2368dbf3353dd7fbc18a73e7e7d59fffe3c5f1e7d20966f20c93b8eef77787b075fc7c59e2fd64c70cf31543d7e7d9935933f6b26b8e718aa1ebfbecc9ac95fb9af3b764e783de3fd7a15f669bc8fd3aac1a528b12ed28f5bdceff9bae172af197bd379dc86e3bc734dacb85ecac74ddf06e69a31e8570763e3182dbf6b7b3e9929ffb9b508525f3bebfb60ba159f600ceb3a51a91ef345f13ca69c80dd2aefa76741769e2835f6c7c0fe4c3de7aefdd9b39f83e6f60e3deeadd9cff7f0ac999a35d364cd74b1666ad64c9335d3adef380ffb2d3de807af4eafba2e3aab6effb27c3ddbf7937cdca7a7c631f254fc19f6a47bbd54ef87ddef332bac1758c9f4413ff9211f7d98879f84242f8f4fd0ae1ff2930ef8f64f59064e18921f6c97ed8fb669ae9e9ffa045d1fac8de73cb43fcf6f388d5d94bc4deb7e53e2ed1d7cdc8499cff7f086f6b5357361cd501adad7d6cc853543adefb5b9d96fe56b530c33753dfb3cb8dc3eb1f6528f5b7e2dbeffd6e55e471eadf7bdac7d9cafb95e7aefbb7e6f3e7ff3a1bcceed674a78bcf8f64f7dcf8d43993ee8273f84a39384a10ff6f2f2d609587d70867a0eccf40755c74954627135b6b3dca6fb4ec0ca85d5b5bdc9c70f5a8f3bb43f83d67da51f77f8f9346e37e6715be63d5f06f7b53553e93c86ac99c319dad7d64ca5f318b2668ea86f70691fd7af5ebe885ec7ea35e9dcef85f8f6edd7a8fdb8d57a8b5fa7dbfb6f6f0f6cad6fbd1417b63e43d65c2f7df77dfe73b42de5fd45efabed3f175f28aedf7c4c8e6bd141bf3aa8d36fe8e1a01b3ee6aa13b5e4c1993cb16b3bdf3e74b38de7edb8dcf77d2760b71f6441ffe397dafb6f707f56aac73bdf776aff24efe7ea667b473e6e6df6f365c4beb6667a8f216be678ac99923513583363355ebf44a97d7e31f0da86e3fa72fb9b21a878dca163beb5b61af7071bab3f2fe29a6f7903efdd8bad9784c67d27de2f1b6b29bd9dcdcf218e6cf99fe897a20fe672f10c2c9858b8ff9b0ffa110ba3ad5c08d1e2b8d9ee09dbd452bd41dc6e6343fbf1cf6e3edc06f767f5cff1734f9d0cdddc6f24b9bda35ec7ca3dcf97823573d73164cd1c903573d73164cd1c53dff19b7aedaad7b85a3f6537afd555fbf6e56dcfd76f3c6ec7da2a2e68ac85be6309b6d0b75e8a0b8bf79ae67bf72aebe5acfbbe13ef97f1b695ff7cbbde7a9f1b87326fd0bf39a8aa13aece63aae3404c4a5e377d6230e8bcadfff17cfbc6228a1b7dc7b72743bd6ef655d84fade736b43f939757db717d1349dc6fa9677b47bd8ef73e5f4aa3f6758b357366cd1cd2a87ddd62cd9c593347d57772df1c3caad7a031a884fd3a6170a9ef237cadf1b89daf4fb8be419ffde81d861beb61c5f53278dfd5fb636333cbcfaff35aea586f067d6ad307fdd69b7569e0046bd201973a68a79cc0c53a164025f13c0684853b69e1b41e3fbd1f06f667f239344fc0baf66ffff60ebf8ef73e5f6ad6cc68d60c256b66346b86b3be3510f6f365f0481cebe56d270d2e85f36bf1327edcf2be13c77ce275bfb93fd850f77a09ef5bd170bdfa7ae9bbef8141bf63bd4d7e5f255b3306fdf301d43a083bdfb0cb033b3a081b076571dbf8bfa15b5e767b5f9d0baa715f4fc5e289af512dd4ee0f928927601d8be96ae8f1138bf5ac7f7f56f7132fd8727fc4fb3075bf83db3bf0b8773f5f62d64c8a3563cd74b36652ac196ba65bf99aa55efc42781d3af77bf9e7f875bad5b87da47c7d5bc74ef5b57878691f6fddf7075b49ae977a2dc45f5f73bd0cde77e2bdb7719beaf2c6b6949f87d1637068b306fde072b0de1c4ce783aebeacf59daae4017ab96ef7094af20361e0befa3f44e69c8035efbfaedae681c70fb71f7853b8dcf666279c4fc22eb5de1452f73bb8bd95cec7bdf7f972c39ab936ea180ab7b7660ecd9ab936ea180ab7b7660e6bf4a05fa8be9173deafe1b50dc3c1c0b1d3bd3e8afb683d6ee3fe8bdab7edbc3fd848fb18ad6a7d969cadb95efaefbb7a0f6c2caff23ee2cf95d6fb6471e5f23e3bde0b3896d9833ed3acf5a1e6c3925c5933308d350380f76c6a06fd4d4cfca9ce686bdd2f3c9a3503d35833ec4cfbafd400eb2bd75dfa3713381e833e0000c06b26fcf4fef26bfb65867cae0cfa0000009011833e00000064c4a00f0000001931e803000040460cfa0000009011833e00000064c4a00f0000001931e803000040460cfa0000009011833e00000064c4a00f0000001931e803000040460cfa0000009011833e00000064c4a00f0000001931e803000040460cfa0000009011833e00000064c4a00f0000001931e803000040460cfa0000009011833e00000064c4a00f0000001931e803000040460cfa0000009011833e00000064c4a00f0000001931e803000040460cfa0000009011833e00000064c4a00f0000001931e803000040460cfa0000009011833e00000064c4a00f0000001931e803000040460cfa0000009011833e00000064c4a00f0000001931e803000040460cfa0000009011833e00000064c4a00f0000001931e803000040460cfa0000009011833e00000064c4a00f0000001931e803000040460cfa0000009011833e00000064c4a00f0000001931e803000040460cfa0000009011833e00000064c4a00f0000001931e803000040460cfa0000009011833e00000064c4a00f0000001931e803000040460cfa0000009011833e00000064c4a00f0000001931e803000040460cfa0000009011833e00000064c4a00f0000001931e803000040460cfa0000009011833e00000064c4a00f0000001931e803000040460cfa0000009011833e00000064c4a00f0000001931e803000040460cfa0000009011833e00000064c4a00f0000001931e803000040460cfa0000009011833e00000064c4a00f0000001931e803000040460cfa0000009011833e00000064c4a00f0000001931e803000040460cfa0000009011833e00000064c4a00f0000001931e803000040460cfa0000009011833e00000064c4a00f0000001931e803000040460cfa0000009011833e00000064c4a00f0000001931e803000040460cfa0000009011833e00000064c4a00f0000001931e803000040460cfa0000009011833e00000064c4a00f0000001931e803000040460cfa0000009011833e00000064c4a00f0000001931e803000040460cfa0000009011833e00000064c4a00f0000001931e803000040460cfa0000009011833e00000064c4a00f0000001931e803000040460cfa0000009011833e00000064c4a00f0000001931e803000040460cfa0000009011833e00000064c4a00f0000001931e803000040460cfa0000009011833e00000064c4a00f0000001931e803000040364ea7ff0f34619675bd8840520000000049454e44ae426082);

-- --------------------------------------------------------

--
-- Cấu trúc bảng cho bảng `ve`
--

CREATE TABLE `ve` (
  `maVe` varchar(50) NOT NULL,
  `maChuyenBay` varchar(10) CHARACTER SET utf8mb4 COLLATE utf8mb4_general_ci NOT NULL,
  `maSoGhe` varchar(10) NOT NULL,
  `giaVe` int(11) NOT NULL,
  `userId` int(11) DEFAULT NULL,
  `gioCheckin` datetime DEFAULT NULL
) ENGINE=InnoDB DEFAULT CHARSET=utf8 COLLATE=utf8_unicode_ci;

--
-- Đang đổ dữ liệu cho bảng `ve`
--

INSERT INTO `ve` (`maVe`, `maChuyenBay`, `maSoGhe`, `giaVe`, `userId`, `gioCheckin`) VALUES
('V001', 'CB001', 'A1', 1200000, NULL, NULL),
('V002', 'CB001', 'A2', 1250000, 1, NULL),
('V003', 'CB001', 'A3', 1200000, NULL, NULL),
('V004', 'CB001', 'A4', 1300000, NULL, NULL),
('V005', 'CB001', 'A5', 1250000, NULL, NULL),
('V006', 'CB002', 'B1', 800000, NULL, NULL),
('V007', 'CB002', 'B2', 850000, NULL, NULL),
('V008', 'CB002', 'B3', 800000, NULL, NULL),
('V009', 'CB002', 'B4', 820000, NULL, NULL),
('V010', 'CB002', 'B5', 810000, NULL, NULL),
('V011', 'CB003', 'C1', 850000, NULL, NULL),
('V012', 'CB003', 'C2', 880000, NULL, NULL),
('V013', 'CB003', 'C3', 870000, NULL, NULL),
('V014', 'CB003', 'C4', 890000, NULL, NULL),
('V015', 'CB003', 'C5', 860000, NULL, NULL),
('V016', 'CB004', 'D1', 1300000, NULL, NULL),
('V017', 'CB004', 'D2', 1350000, NULL, NULL),
('V018', 'CB004', 'D3', 1320000, NULL, NULL),
('V019', 'CB004', 'D4', 1400000, NULL, NULL),
('V020', 'CB004', 'D5', 1370000, NULL, NULL);

--
-- Chỉ mục cho các bảng đã đổ
--

--
-- Chỉ mục cho bảng `card`
--
ALTER TABLE `card`
  ADD PRIMARY KEY (`idThe`),
  ADD KEY `fk_idUser` (`idUser`);

--
-- Chỉ mục cho bảng `chuyenbay`
--
ALTER TABLE `chuyenbay`
  ADD PRIMARY KEY (`maChuyenBay`);

--
-- Chỉ mục cho bảng `giaodich`
--
ALTER TABLE `giaodich`
  ADD PRIMARY KEY (`idGiaoDich`),
  ADD KEY `fk_idThe` (`idThe`),
  ADD KEY `fk_maVeDaDat` (`maVe`);

--
-- Chỉ mục cho bảng `user`
--
ALTER TABLE `user`
  ADD PRIMARY KEY (`idUser`);

--
-- Chỉ mục cho bảng `ve`
--
ALTER TABLE `ve`
  ADD PRIMARY KEY (`maVe`),
  ADD KEY `fk_CB` (`maChuyenBay`),
  ADD KEY `fk_user` (`userId`);

--
-- AUTO_INCREMENT cho các bảng đã đổ
--

--
-- AUTO_INCREMENT cho bảng `giaodich`
--
ALTER TABLE `giaodich`
  MODIFY `idGiaoDich` int(11) NOT NULL AUTO_INCREMENT, AUTO_INCREMENT=29;

--
-- AUTO_INCREMENT cho bảng `user`
--
ALTER TABLE `user`
  MODIFY `idUser` int(11) NOT NULL AUTO_INCREMENT, AUTO_INCREMENT=38;

--
-- Các ràng buộc cho các bảng đã đổ
--

--
-- Các ràng buộc cho bảng `card`
--
ALTER TABLE `card`
  ADD CONSTRAINT `fk_idUser` FOREIGN KEY (`idUser`) REFERENCES `user` (`idUser`);

--
-- Các ràng buộc cho bảng `ve`
--
ALTER TABLE `ve`
  ADD CONSTRAINT `fk_CB` FOREIGN KEY (`maChuyenBay`) REFERENCES `chuyenbay` (`maChuyenBay`),
  ADD CONSTRAINT `fk_user` FOREIGN KEY (`userId`) REFERENCES `user` (`idUser`);
COMMIT;

/*!40101 SET CHARACTER_SET_CLIENT=@OLD_CHARACTER_SET_CLIENT */;
/*!40101 SET CHARACTER_SET_RESULTS=@OLD_CHARACTER_SET_RESULTS */;
/*!40101 SET COLLATION_CONNECTION=@OLD_COLLATION_CONNECTION */;
